{
  "GlobalConfiguration": {
    "BaseUrl": "https://localhost:5003"
  },
  "Routes": [
    {
      "UpstreamPathTemplate": "/gateway/writers",
      "UpstreamHttpMethod": [ "Get" ],
      "DownstreamPathTemplate": "/api/writers",
      "DownstreamScheme": "https",
      "DownstreamHostAndPorts": [
        {
          "Host": "localhost",
          "Port": 5002
        }
      ],
      "FileCacheOptions": {
        "TtlSeconds": 10
      }
    },
    {
      "UpstreamPathTemplate": "/gateway/writers/{id}",
      "UpstreamHttpMethod": [ "Get" ],
      "DownstreamPathTemplate": "/api/writers/{id}",
      "DownstreamScheme": "https",
      "DownstreamHostAndPorts": [
        {
          "Host": "localhost",
          "Port": 5002
        }
      ]
    },
    {
      "UpstreamPathTemplate": "/gateway/writers",
      "UpstreamHttpMethod": [ "Post" ],
      "DownstreamPathTemplate": "/api/writers",
      "DownstreamScheme": "https",
      "DownstreamHostAndPorts": [
        {
          "Host": "localhost",
          "Port": 5002
        }
      ]
    },
    {
      "UpstreamPathTemplate": "/gateway/writers/{id}",
      "UpstreamHttpMethod": [ "Put" ],
      "DownstreamPathTemplate": "/api/writers/{id}",
      "DownstreamScheme": "https",
      "DownstreamHostAndPorts": [
        {
          "Host": "localhost",
          "Port": 5002
        }
      ]
    },
    {
      "UpstreamPathTemplate": "/gateway/writers/{id}",
      "UpstreamHttpMethod": [ "Delete" ],
      "DownstreamPathTemplate": "/api/writers/{id}",
      "DownstreamScheme": "https",
      "DownstreamHostAndPorts": [
        {
          "Host": "localhost",
          "Port": 5002
        }
      ]
    },
    {
      "UpstreamPathTemplate": "/gateway/articles",
      "UpstreamHttpMethod": [ "Get" ],
      "DownstreamPathTemplate": "/api/articles",
      "DownstreamScheme": "https",
      "DownstreamHostAndPorts": [
        {
          "Host": "localhost",
          "Port": 5001
        }
      ]
    },
    {
      "UpstreamPathTemplate": "/gateway/articles/{id}",
      "UpstreamHttpMethod": [ "Get" ],
      "DownstreamPathTemplate": "/api/articles/{id}",
      "DownstreamScheme": "https",
      "DownstreamHostAndPorts": [
        {
          "Host": "localhost",
          "Port": 5001
        }
      ]
    },
    {
      "UpstreamPathTemplate": "/gateway/articles",
      "UpstreamHttpMethod": [ "Post" ],
      "DownstreamPathTemplate": "/api/articles",
      "DownstreamScheme": "https",
      "DownstreamHostAndPorts": [
        {
          "Host": "localhost",
          "Port": 5001
        }
      ]
    },
    {
      "UpstreamPathTemplate": "/gateway/articles/{id}",
      "UpstreamHttpMethod": [ "Put" ],
      "DownstreamPathTemplate": "/api/articles/{id}",
      "DownstreamScheme": "https",
      "DownstreamHostAndPorts": [
        {
          "Host": "localhost",
          "Port": 5001
        }
      ]
    },
    {
      "UpstreamPathTemplate": "/gateway/articles/{id}",
      "UpstreamHttpMethod": [ "Delete" ],
      "DownstreamPathTemplate": "/api/articles/{id}",
      "DownstreamScheme": "https",
      "DownstreamHostAndPorts": [
        {
          "Host": "localhost",
          "Port": 5001
        }
      ]
    }
  ]
}